{
    "providers": [
       {
            "type": "bitmap",
            "file": "krabmc:prefix/airplane.png",
            "ascent": 9,
            "height": 10,
            "chars": ["⎞"]
        },
        {
            "type": "bitmap",
            "file": "krabmc:prefix/anchor.png",
            "ascent": 9,
            "height": 10,
            "chars": ["⎤"]
        },
        {
            "type": "bitmap",
            "file": "minecraft:item/netherite_chestplate.png",
            "ascent": 9,
            "height": 10,
            "chars": ["☯"]
        },
        {
            "type": "bitmap",
            "file": "minecraft:item/netherite_leggings.png",
            "ascent": 9,
            "height": 10,
            "chars": ["♻"]
        },
        {
            "type": "bitmap",
            "file": "minecraft:item/netherite_boots.png",
            "ascent": 9,
            "height": 10,
            "chars": ["⟁"]
        },   
        {
            "type": "bitmap",
            "file": "minecraft:item/netherite_helmet.png",
            "ascent": 9,
            "height": 10,
            "chars": ["⚚"]
        },
        {
            "type": "bitmap",
            "file": "minecraft:item/elytra.png",
            "ascent": 9,
            "height": 10,
            "chars": ["Δ"]
        },      
        {
            "type": "bitmap",
            "file": "krabmc:prefix/apple.png",
            "ascent": 9,
            "height": 10,
            "chars": ["☏"]
        },
        {
            "type": "bitmap",
            "file": "krabmc:prefix/art-palette.png",
            "ascent": 9,
            "height": 10,
            "chars": ["☦"]
        },
        {
            "type": "bitmap",
            "file": "krabmc:prefix/camera.png",
            "ascent": 9,
            "height": 10,
            "chars": ["⊥"]
        },
        {
            "type": "bitmap",
            "file": "krabmc:prefix/castle-entrance.png",
            "ascent": 9,
            "height": 10,
            "chars": ["⊦"]
        },
        {
            "type": "bitmap",
            "file": "krabmc:prefix/chat-bubble.png",
            "ascent": 9,
            "height": 10,
            "chars": ["☤"]
        },
        {
            "type": "bitmap",
            "file": "krabmc:prefix/checkmark.png",
            "ascent": 9,
            "height": 10,
            "chars": ["☣"]
        },
        {
            "type": "bitmap",
            "file": "krabmc:prefix/clock.png",
            "ascent": 9,
            "height": 10,
            "chars": ["☾"]
        },
        {
            "type": "bitmap",
            "file": "krabmc:prefix/cloud.png",
            "ascent": 9,
            "height": 10,
            "chars": ["⏒"]
        },
        {
            "type": "bitmap",
            "file": "krabmc:prefix/clover.png",
            "ascent": 9,
            "height": 10,
            "chars": ["⏝"]
        },
        {
            "type": "bitmap",
            "file": "krabmc:prefix/coffee.png",
            "ascent": 9,
            "height": 10,
            "chars": ["⏞"]
        },
        {
            "type": "bitmap",
            "file": "krabmc:prefix/crossed-swords.png",
            "ascent": 9,
            "height": 10,
            "chars": ["⏟"]
        },
        {
            "type": "bitmap",
            "file": "krabmc:prefix/crown.png",
            "ascent": 9,
            "height": 10,
            "chars": ["⏠"]
        },
        {
            "type": "bitmap",
            "file": "krabmc:prefix/diamond.png",
            "ascent": 9,
            "height": 10,
            "chars": ["⏡"]
        },
        {
            "type": "bitmap",
            "file": "krabmc:prefix/dollar.png",
            "ascent": 9,
            "height": 10,
            "chars": ["⏢"]
        },
        {
            "type": "bitmap",
            "file": "krabmc:prefix/earth.png",
            "ascent": 9,
            "height": 10,
            "chars": ["⏣"]
        },
        {
            "type": "bitmap",
            "file": "krabmc:prefix/envelope.png",
            "ascent": 9,
            "height": 10,
            "chars": ["⏤"]
        },
        {
            "type": "bitmap",
            "file": "krabmc:prefix/exclamation.png",
            "ascent": 9,
            "height": 10,
            "chars": ["æ"]
        },
        {
            "type": "bitmap",
            "file": "krabmc:prefix/feather.png",
            "ascent": 9,
            "height": 10,
            "chars": ["⏦"]
        },
        {
            "type": "bitmap",
            "file": "krabmc:prefix/fire.png",
            "ascent": 9,
            "height": 10,
            "chars": ["⏧"]
        },
        {
            "type": "bitmap",
            "file": "krabmc:prefix/flower.png",
            "ascent": 9,
            "height": 10,
            "chars": ["⏨"]
        },
        {
            "type": "bitmap",
            "file": "krabmc:prefix/game-controller.png",
            "ascent": 9,
            "height": 10,
            "chars": ["⏩"]
        },
        {
            "type": "bitmap",
            "file": "krabmc:prefix/gold-coin.png",
            "ascent": 9,
            "height": 10,
            "chars": ["⏪"]
        },
        {
            "type": "bitmap",
            "file": "krabmc:prefix/heart.png",
            "ascent": 9,
            "height": 10,
            "chars": ["⏫"]
        },
        {
            "type": "bitmap",
            "file": "krabmc:prefix/high-voltage.png",
            "ascent": 9,
            "height": 10,
            "chars": ["⏬"]
        },
        {
            "type": "bitmap",
            "file": "krabmc:prefix/light-bulb.png",
            "ascent": 9,
            "height": 10,
            "chars": ["⏭"]
        },
        {
            "type": "bitmap",
            "file": "krabmc:prefix/llama-pinhata.png",
            "ascent": 9,
            "height": 10,
            "chars": ["⏮"]
        },
        {
            "type": "bitmap",
            "file": "krabmc:prefix/mag-glass.png",
            "ascent": 9,
            "height": 10,
            "chars": ["⏯"]
        },
        {
            "type": "bitmap",
            "file": "krabmc:prefix/megaphone.png",
            "ascent": 9,
            "height": 10,
            "chars": ["⏰"]
        },
        {
            "type": "bitmap",
            "file": "krabmc:prefix/moon.png",
            "ascent": 9,
            "height": 10,
            "chars": ["⏱"]
        },
        {
            "type": "bitmap",
            "file": "krabmc:prefix/muhsroom.png",
            "ascent": 9,
            "height": 10,
            "chars": ["⏲"]
        },
        {
            "type": "bitmap",
            "file": "krabmc:prefix/music-notes.png",
            "ascent": 9,
            "height": 10,
            "chars": ["⏳"]
        },
        {
            "type": "bitmap",
            "file": "krabmc:prefix/peace.png",
            "ascent": 9,
            "height": 10,
            "chars": ["⏴"]
        },
        {
            "type": "bitmap",
            "file": "krabmc:prefix/pencil.png",
            "ascent": 9,
            "height": 10,
            "chars": ["⏵"]
        },
        {
            "type": "bitmap",
            "file": "krabmc:prefix/person.png",
            "ascent": 9,
            "height": 10,
            "chars": ["⏶"]
        },
        {
            "type": "bitmap",
            "file": "krabmc:prefix/pickaxe.png",
            "ascent": 9,
            "height": 10,
            "chars": ["⏷"]
        },
        {
            "type": "bitmap",
            "file": "krabmc:prefix/potion.png",
            "ascent": 9,
            "height": 10,
            "chars": ["⏸"]
        },
        {
            "type": "bitmap",
            "file": "krabmc:prefix/present-box.png",
            "ascent": 9,
            "height": 10,
            "chars": ["⏹"]
        },
        {
            "type": "bitmap",
            "file": "krabmc:prefix/radioactivity.png",
            "ascent": 9,
            "height": 10,
            "chars": ["⏺"]
        },
        {
            "type": "bitmap",
            "file": "krabmc:prefix/rainbow.png",
            "ascent": 9,
            "height": 10,
            "chars": ["⏻"]
        },
        {
            "type": "bitmap",
            "file": "krabmc:prefix/red-sword.png",
            "ascent": 9,
            "height": 10,
            "chars": ["⏼"]
        },
        {
            "type": "bitmap",
            "file": "krabmc:prefix/rocket.png",
            "ascent": 9,
            "height": 10,
            "chars": ["⏽"]
        },
        {
            "type": "bitmap",
            "file": "krabmc:prefix/sand-clock.png",
            "ascent": 9,
            "height": 10,
            "chars": ["⏾"]
        },
        {
            "type": "bitmap",
            "file": "krabmc:prefix/settings.png",
            "ascent": 9,
            "height": 10,
            "chars": ["⏿"]
        },
        {
            "type": "bitmap",
            "file": "krabmc:prefix/shield.png",
            "ascent": 9,
            "height": 10,
            "chars": ["␀"]
        },
        {
            "type": "bitmap",
            "file": "krabmc:prefix/shopping-cart.png",
            "ascent": 9,
            "height": 10,
            "chars": ["␁"]
        },
        {
            "type": "bitmap",
            "file": "krabmc:prefix/skull.png",
            "ascent": 9,
            "height": 10,
            "chars": ["␂"]
        },
        {
            "type": "bitmap",
            "file": "krabmc:prefix/stacked-books.png",
            "ascent": 9,
            "height": 10,
            "chars": ["␃"]
        },
        {
            "type": "bitmap",
            "file": "krabmc:prefix/stare.png",
            "ascent": 9,
            "height": 10,
            "chars": ["␄"]
        },
        {
            "type": "bitmap",
            "file": "krabmc:prefix/sun.png",
            "ascent": 9,
            "height": 10,
            "chars": ["␅"]
        },
        {
            "type": "bitmap",
            "file": "krabmc:prefix/treasure.png",
            "ascent": 9,
            "height": 10,
            "chars": ["␆"]
        },
        {
            "type": "bitmap",
            "file": "krabmc:prefix/tree.png",
            "ascent": 9,
            "height": 10,
            "chars": ["␇"]
        },
        {
            "type": "bitmap",
            "file": "krabmc:prefix/trophy.png",
            "ascent": 9,
            "height": 10,
            "chars": ["␈"]
        },
        {
            "type": "bitmap",
            "file": "krabmc:prefix/umbrella.png",
            "ascent": 9,
            "height": 10,
            "chars": ["␉"]
        },
        {
            "type": "bitmap",
            "file": "krabmc:prefix/volcano.png",
            "ascent": 9,
            "height": 10,
            "chars": ["␊"]
        },
        {
            "type": "bitmap",
            "file": "krabmc:prefix/warning.png",
            "ascent": 9,
            "height": 10,
            "chars": ["␋"]
        },
        {
            "type": "bitmap",
            "file": "krabmc:prefix/water-drop.png",
            "ascent": 9,
            "height": 10,
            "chars": ["␌"]
        },
        {
            "type": "bitmap",
            "file": "krabmc:prefix/wave.png",
            "ascent": 9,
            "height": 10,
            "chars": ["␍"]
        },
        {
            "type": "bitmap",
            "file": "krabmc:prefix/x.png",
            "ascent": 9,
            "height": 10,
            "chars": ["ద"]
        },
        {
            "type": "bitmap",
            "file": "krabmc:prefix/101.png",
            "ascent": 9,
            "height": 10,
            "chars": ["Ꮂ"]
        },
        {
            "type": "bitmap",
            "file": "krabmc:prefix/128.png",
            "ascent": 9,
            "height": 10,
            "chars": ["ឰ"]
        },
        {
            "type": "bitmap",
            "file": "krabmc:prefix/135.png",
            "ascent": 9,
            "height": 10,
            "chars": ["⟰"]
        },
        {
            "type": "bitmap",
            "file": "krabmc:prefix/136.png",
            "ascent": 9,
            "height": 10,
            "chars": ["⓷"]
        },
        {
            "type": "bitmap",
            "file": "krabmc:prefix/183.png",
            "ascent": 9,
            "height": 10,
            "chars": ["⮎"]
        },
        {
            "type": "bitmap",
            "file": "krabmc:prefix/193.png",
            "ascent": 9,
            "height": 10,
            "chars": ["ṧ"]
        },
        {
            "type": "bitmap",
            "file": "krabmc:prefix/197.png",
            "ascent": 9,
            "height": 10,
            "chars": ["Ⳋ"]
        },
        {
            "type": "bitmap",
            "file": "krabmc:prefix/227.png",
            "ascent": 9,
            "height": 10,
            "chars": ["⛱"]
        },
        {
            "type": "bitmap",
            "file": "krabmc:prefix/244.png",
            "ascent": 9,
            "height": 10,
            "chars": ["ሦ"]
        },
        {
            "type": "bitmap",
            "file": "krabmc:prefix/294.png",
            "ascent": 9,
            "height": 10,
            "chars": ["ᶴ"]
        },
        {
            "type": "bitmap",
            "file": "krabmc:prefix/300.png",
            "ascent": 9,
            "height": 10,
            "chars": ["Û"]
        },
        {
            "type": "bitmap",
            "file": "krabmc:prefix/book.png",
            "ascent": 9,
            "height": 10,
            "chars": ["ⴿ"]
        },
        {
            "type": "bitmap",
            "file": "krabmc:prefix/discord.png",
            "ascent": 9,
            "height": 10,
            "chars": ["ᘶ"]
        },
        {
            "type": "bitmap",
            "file": "krabmc:prefix/money.png",
            "ascent": 9,
            "height": 10,
            "chars": ["⯁"]
        },
        {
            "type": "bitmap",
            "file": "krabmc:prefix/name.png",
            "ascent": 9,
            "height": 10,
            "chars": ["◙"]
        },
        {
            "type": "bitmap",
            "file": "krabmc:prefix/online.png",
            "ascent": 9,
            "height": 10,
            "chars": ["ᯐ"]
        },
        {
            "type": "bitmap",
            "file": "krabmc:prefix/pabble.png",
            "ascent": 9,
            "height": 10,
            "chars": ["ᨐ"]
        },
        {
            "type": "bitmap",
            "file": "krabmc:prefix/pvp.png",
            "ascent": 9,
            "height": 10,
            "chars": ["ᱜ"]
        },
        {
            "type": "bitmap",
            "file": "krabmc:prefix/rank.png",
            "ascent": 9,
            "height": 10,
            "chars": ["⛗"]
        },
        {
            "type": "bitmap",
            "file": "krabmc:prefix/store.png",
            "ascent": 9,
            "height": 10,
            "chars": ["ᗫ"]
        },
        {
            "type": "bitmap",
            "file": "krabmc:prefix/time.png",
            "ascent": 9,
            "height": 10,
            "chars": ["ά"]
        },
        {
            "type": "bitmap",
            "file": "krabmc:prefix/website.png",
            "ascent": 9,
            "height": 10,
            "chars": ["ጕ"]
        },
        {
            "type": "bitmap",
            "file": "krabmc:prefix/get_villager_gui.png",
            "ascent": 15,
            "height": 130,
            "chars": ["用"]
        },
        {
            "type": "bitmap",
            "file": "krabmc:prefix/wybor.png",
            "ascent": 13,
            "height": 110,
            "chars": ["ⷑ"]
        },
        {
            "type": "bitmap",
            "file": "krabmc:prefix/krabmc.png",
            "ascent": 13,
            "height": 48,
            "chars": ["Ω"]
        }
    ]
}
